{
  "GET": {
    "/solution-svr/mapSecond/selectAgmsMapSecondMiddleByHour": {
      "errorCode": 1,
      "record": [
        {
          "stationName": "蛇口C站",
          "stationId": "35e8d6551f244b3ebb16fcfc06834e37",
          "time": "16:00",
          "maxpm25Value": 95.12,
          "maxcoValue": 18.38,
          "maxso2Value": 81.4,
          "maxno2Value": 72.94,
          "maxpm10Value": 97.74,
          "maxo3Value": 99.2,
          "pm25Value": 62.253,
          "coValue": 14.491,
          "so2Value": 56.92199999999999,
          "no2Value": 56.2,
          "pm10Value": 68.401,
          "o3Value": 60.456,
          "windValue": 0,
          "maxAqi": 125.15,
          "maxIndex": 4.7814,
          "averageAqi": 108.982,
          "averageIndex": 3.4322,
          "windLevelValue": 0
        },
        {
          "stationName": "蛇口C站",
          "stationId": "35e8d6551f244b3ebb16fcfc06834e37",
          "time": "17:00",
          "maxpm25Value": 87.98,
          "maxcoValue": 19.16,
          "maxso2Value": 98.87,
          "maxno2Value": 95.94,
          "maxpm10Value": 99.56,
          "maxo3Value": 99.21,
          "pm25Value": 54.535,
          "coValue": 14.787500000000001,
          "so2Value": 61.357499999999995,
          "no2Value": 56.844166666666666,
          "pm10Value": 65.59166666666667,
          "o3Value": 72.04416666666667,
          "windValue": 0,
          "maxAqi": 118.32,
          "maxIndex": 4.9262,
          "averageAqi": 109.575,
          "averageIndex": 3.4103,
          "windLevelValue": 0
        },
        {
          "stationName": "蛇口C站",
          "stationId": "35e8d6551f244b3ebb16fcfc06834e37",
          "time": "18:00",
          "maxpm25Value": 98.78,
          "maxcoValue": 19.77,
          "maxso2Value": 92.61,
          "maxno2Value": 90.15,
          "maxpm10Value": 96.22,
          "maxo3Value": 98.64,
          "pm25Value": 65.21727272727271,
          "coValue": 13.148181818181818,
          "so2Value": 57.67272727272727,
          "no2Value": 56.72818181818182,
          "pm10Value": 66.27090909090909,
          "o3Value": 65.48636363636363,
          "windValue": 0,
          "maxAqi": 129.725,
          "maxIndex": 5.0648,
          "averageAqi": 106.2964,
          "averageIndex": 3.3525,
          "windLevelValue": 0
        },
        {
          "stationName": "蛇口C站",
          "stationId": "35e8d6551f244b3ebb16fcfc06834e37",
          "time": "19:00",
          "maxpm25Value": 93.19,
          "maxcoValue": 18.59,
          "maxso2Value": 94.75,
          "maxno2Value": 93.3,
          "maxpm10Value": 97.7,
          "maxo3Value": 81.04,
          "pm25Value": 61.64166666666666,
          "coValue": 14.130000000000003,
          "so2Value": 60.620000000000005,
          "no2Value": 53.51833333333334,
          "pm10Value": 57.8125,
          "o3Value": 56.50916666666668,
          "windValue": 0,
          "maxAqi": 122.7375,
          "maxIndex": 4.814,
          "averageAqi": 108.26,
          "averageIndex": 3.2916,
          "windLevelValue": 0
        },
        {
          "stationName": "蛇口C站",
          "stationId": "35e8d6551f244b3ebb16fcfc06834e37",
          "time": "20:00",
          "maxpm25Value": 94.08,
          "maxcoValue": 19.17,
          "maxso2Value": 91.39,
          "maxno2Value": 88.78,
          "maxpm10Value": 95.05,
          "maxo3Value": 96.66,
          "pm25Value": 68.34416666666668,
          "coValue": 13.464166666666666,
          "so2Value": 64.14583333333333,
          "no2Value": 66.42333333333333,
          "pm10Value": 78.60749999999999,
          "o3Value": 49.0975,
          "windValue": 0,
          "maxAqi": 123.85,
          "maxIndex": 4.9151,
          "averageAqi": 106.9283,
          "averageIndex": 3.4876,
          "windLevelValue": 0
        },
        {
          "stationName": "蛇口C站",
          "stationId": "35e8d6551f244b3ebb16fcfc06834e37",
          "time": "21:00",
          "maxpm25Value": 99.31,
          "maxcoValue": 19.75,
          "maxso2Value": 96.28,
          "maxno2Value": 97.91,
          "maxpm10Value": 82.88,
          "maxo3Value": 82.42,
          "pm25Value": 75.88916666666668,
          "coValue": 15.299166666666666,
          "so2Value": 61.24666666666667,
          "no2Value": 60.99416666666667,
          "pm10Value": 55.61416666666667,
          "o3Value": 67.25333333333333,
          "windValue": 0,
          "maxAqi": 130.3875,
          "maxIndex": 4.9458,
          "averageAqi": 110.5983,
          "averageIndex": 3.6764,
          "windLevelValue": 0
        },
        {
          "stationName": "蛇口C站",
          "stationId": "35e8d6551f244b3ebb16fcfc06834e37",
          "time": "22:00",
          "maxpm25Value": 92.7,
          "maxcoValue": 19.35,
          "maxso2Value": 96.29,
          "maxno2Value": 90.92,
          "maxpm10Value": 97.98,
          "maxo3Value": 85.85,
          "pm25Value": 57.237500000000004,
          "coValue": 13.860833333333332,
          "so2Value": 67.83999999999999,
          "no2Value": 50.237500000000004,
          "pm10Value": 56.771666666666675,
          "o3Value": 45.1875,
          "windValue": 0,
          "maxAqi": 122.125,
          "maxIndex": 4.9006,
          "averageAqi": 107.7217,
          "averageIndex": 3.1406,
          "windLevelValue": 0
        },
        {
          "stationName": "蛇口C站",
          "stationId": "35e8d6551f244b3ebb16fcfc06834e37",
          "time": "23:00",
          "maxpm25Value": 97.06,
          "maxcoValue": 19.86,
          "maxso2Value": 96.15,
          "maxno2Value": 97.27,
          "maxpm10Value": 94.81,
          "maxo3Value": 98.67,
          "pm25Value": 66.73166666666667,
          "coValue": 13.780833333333332,
          "so2Value": 70.62416666666667,
          "no2Value": 63.88666666666668,
          "pm10Value": 70.63333333333334,
          "o3Value": 68.03333333333335,
          "windValue": 0,
          "maxAqi": 127.575,
          "maxIndex": 5.084300000000001,
          "averageAqi": 107.5617,
          "averageIndex": 3.5396,
          "windLevelValue": 0
        },
        {
          "stationName": "蛇口C站",
          "stationId": "35e8d6551f244b3ebb16fcfc06834e37",
          "time": "00:00",
          "maxpm25Value": 99.5,
          "maxcoValue": 17.97,
          "maxso2Value": 92.39,
          "maxno2Value": 92.18,
          "maxpm10Value": 99.93,
          "maxo3Value": 93.78,
          "pm25Value": 67.87166666666667,
          "coValue": 14.855833333333331,
          "so2Value": 73.86916666666666,
          "no2Value": 53.80083333333332,
          "pm10Value": 69.17083333333333,
          "o3Value": 67.99499999999999,
          "windValue": 0,
          "maxAqi": 130.625,
          "maxIndex": 4.9045,
          "averageAqi": 109.7117,
          "averageIndex": 3.6084000000000005,
          "windLevelValue": 0
        },
        {
          "stationName": "蛇口C站",
          "stationId": "35e8d6551f244b3ebb16fcfc06834e37",
          "time": "01:00",
          "maxpm25Value": 96.07,
          "maxcoValue": 18.07,
          "maxso2Value": 81.45,
          "maxno2Value": 98.5,
          "maxpm10Value": 85.06,
          "maxo3Value": 97.48,
          "pm25Value": 59.94083333333334,
          "coValue": 13.06666666666667,
          "so2Value": 55.43416666666668,
          "no2Value": 62.606666666666655,
          "pm10Value": 56.44416666666666,
          "o3Value": 58.900000000000006,
          "windValue": 0,
          "maxAqi": 126.3375,
          "maxIndex": 4.7978000000000005,
          "averageAqi": 106.1333,
          "averageIndex": 3.2006,
          "windLevelValue": 0
        },
        {
          "stationName": "蛇口C站",
          "stationId": "35e8d6551f244b3ebb16fcfc06834e37",
          "time": "02:00",
          "maxpm25Value": 99.68,
          "maxcoValue": 19.84,
          "maxso2Value": 98.68,
          "maxno2Value": 93.22,
          "maxpm10Value": 97.43,
          "maxo3Value": 84.99,